2.1228318834527142,0,0.001,chameleon,0
2.236995548583212,0,0.001,chameleon,0
2.3736353385126776,0,0.001,chameleon,0
2.651199928825809,1,0.421,float_operation,951794
2.895803271340945,1,0.498,float_operation,1127734
3.335165867578416,2,0.015,gzip_compression,30
3.663295569205568,0,0.001,chameleon,0
3.803107352170206,0,0.001,chameleon,0
6.950229997004308,0,0.001,chameleon,0
7.208344628986857,0,0.001,chameleon,0
8.697256351670102,0,0.001,chameleon,0
9.583621224935092,3,0.014,linpack,18
10.530384702146527,0,0.001,chameleon,0
11.094858307314295,0,0.001,chameleon,0
14.11396323732866,4,0.347,matmul,1289
16.13927860515884,5,0.382,pyaes,338
16.22870538021222,0,0.001,chameleon,0
16.717916315728708,0,0.001,chameleon,0
16.972483375995406,6,0.843,chameleon,16
18.323202034233574,0,0.001,chameleon,0
18.77186366942099,6,0.459,chameleon,9
19.319955249254665,0,0.001,chameleon,0
20.133460373732778,0,0.001,chameleon,0
20.94430463022514,7,0.026,float_operation,49242
22.228112654239883,0,0.001,chameleon,0
22.578258049362702,0,0.005,chameleon,0
22.890613880936588,0,0.001,chameleon,0
23.008906781997467,0,0.005,chameleon,0
23.30355320114796,0,0.016,chameleon,0
24.0677359965524,0,0.001,chameleon,0
24.126312291911663,0,0.001,chameleon,0
24.727770271796555,0,0.001,chameleon,0
24.84733287302369,0,0.001,chameleon,0
25.014531459096403,6,0.38,chameleon,7
25.35714338392587,8,0.136,gzip_compression,390
25.91232034549637,6,0.758,chameleon,15
27.00739082439314,6,9.395,chameleon,186
27.26004298981551,0,0.001,chameleon,0
27.37375415924853,0,0.001,chameleon,0
27.546867769844,0,0.001,chameleon,0
27.68958995412597,0,0.001,chameleon,0
28.035682710786187,0,0.001,chameleon,0
29.63848352726111,0,0.001,chameleon,0
30.82504429859112,9,0.078,linpack,105
31.47566323959685,9,0.078,linpack,105
32.51017448038194,0,0.001,chameleon,0
33.240124212555465,10,0.47,matmul,1760
33.65817124377309,11,0.014,pyaes,3
34.96756606698273,12,0.065,chameleon,1
35.37552436060234,12,0.031,chameleon,0
35.44031772668305,13,7.559,float_operation,17261712
35.78071991342684,11,0.013,pyaes,2
36.6452847586558,0,0.001,chameleon,0
37.43674300967511,12,0.203,chameleon,4
37.61703626560645,12,0.031,chameleon,0
37.85534222469538,0,0.001,chameleon,0
37.951430156749865,0,0.001,chameleon,0
38.064023389625646,0,0.001,chameleon,0
38.1770626220022,0,0.001,chameleon,0
38.18626027706218,0,0.001,chameleon,0
38.19793991292611,12,0.031,chameleon,0
38.614290408713,0,0.001,chameleon,0
38.665883985859054,0,0.002,chameleon,0
38.80239179367915,0,0.001,chameleon,0
38.84824742386833,0,0.001,chameleon,0
39.4790082215014,0,0.003,chameleon,0
40.14884351887542,12,0.249,chameleon,5
40.23408586758233,14,0.805,gzip_compression,2381
40.55394618925594,15,1.005,linpack,1372
40.70320914061817,14,0.653,gzip_compression,1928
41.15623282811755,12,0.188,chameleon,3
41.29184745883043,0,0.001,chameleon,0
41.57977653747418,14,0.939,gzip_compression,2779
41.8679340039695,16,0.048,matmul,146
41.91283556125372,10,0.399,matmul,1488
42.39153032440609,0,0.001,chameleon,0
42.547091681821,14,0.861,gzip_compression,2547
43.79324056473516,13,4.53,float_operation,10340622
43.81547016520632,11,0.013,pyaes,2
44.03853100843325,12,0.202,chameleon,4
44.22585364259992,12,0.286,chameleon,5
44.720569503483325,12,0.031,chameleon,0
44.95860711086458,12,0.281,chameleon,5
45.56582279636557,3,0.018,linpack,23
45.67203482837384,12,0.237,chameleon,4
46.20461190401609,12,0.218,chameleon,4
46.65179201810936,17,0.751,pyaes,673
47.470265973723606,18,1.46,chameleon,29
47.47686664957092,12,0.272,chameleon,5
47.82473999628567,12,0.046,chameleon,1
48.81049640528125,0,0.001,chameleon,0
48.9204356096032,0,0.001,chameleon,0
50.05142435021202,12,0.271,chameleon,5
50.66831426761879,12,0.272,chameleon,5
50.88703613913911,0,0.002,chameleon,0
51.10409677156947,0,0.001,chameleon,0
51.39352978917105,12,0.235,chameleon,4
51.68703805284037,12,0.269,chameleon,5
51.80714819739593,10,0.441,matmul,1649
52.01445739188223,0,0.001,chameleon,0
52.11895617334237,12,0.171,chameleon,3
52.39014232315289,12,0.028,chameleon,0
52.51396279913423,12,0.246,chameleon,4
52.60370390750776,12,0.187,chameleon,3
52.723216912437046,19,2.988,float_operation,6817241
53.05609362180366,0,0.001,chameleon,0
53.09153034719541,0,0.001,chameleon,0
53.181516050624,0,0.001,chameleon,0
53.530622880237445,0,0.001,chameleon,0
54.66726723115927,10,1.146,matmul,4346
54.92300753198115,12,0.189,chameleon,3
54.9420555354404,0,0.001,chameleon,0
54.96516939532661,10,0.41,matmul,1531
55.07497006694854,10,0.379,matmul,1412
55.08475206820406,15,1.764,linpack,2409
55.27023498413345,12,0.335,chameleon,6
55.431551992087606,20,0.206,gzip_compression,598
55.57479244694539,21,0.007,linpack,8
55.59621053744593,12,0.362,chameleon,7
55.86055104758957,12,0.257,chameleon,5
56.13593168030985,11,0.026,pyaes,14
56.307955170647965,14,0.623,gzip_compression,1839
56.525382771342514,22,0.002,matmul,0
56.683628728147056,10,0.396,matmul,1477
56.75316929685928,11,0.05,pyaes,36
56.87310780902656,14,1.412,gzip_compression,4187
56.90476359548597,8,0.133,gzip_compression,381
56.96956165597789,12,0.18,chameleon,3
57.15471091643306,12,0.236,chameleon,4
57.323360764886175,14,1.373,gzip_compression,4071
57.43101673089606,10,0.473,matmul,1772
57.80169126860632,21,0.012,linpack,15
57.92499685516292,0,0.001,chameleon,0
58.19815163293859,21,0.041,linpack,55
58.2337338367956,16,0.01,matmul,0
58.51952054834933,15,1.014,linpack,1384
58.60617097963369,10,0.372,matmul,1385
58.80226740227001,21,0.044,linpack,59
59.1381909724436,23,0.078,pyaes,61
59.34563005825876,24,0.113,chameleon,2
59.35851238367293,24,0.062,chameleon,1
59.40668468623406,24,0.015,chameleon,0
59.680166855672994,0,0.001,chameleon,0
60.04532040081044,10,0.392,matmul,1462
60.20201531124446,12,0.312,chameleon,6
60.37666908826904,12,0.238,chameleon,4
60.42650619568285,10,0.382,matmul,1423
60.90818873063297,11,0.021,pyaes,9
61.00781596207051,23,0.031,pyaes,19
61.2825923174894,21,0.009,linpack,11
61.36731610491162,23,0.015,pyaes,4
61.5659351041402,12,0.046,chameleon,1
61.93880608456806,12,0.271,chameleon,5
62.07938947150158,13,5.5,float_operation,12557016
62.82396351116989,23,0.015,pyaes,4
62.85802136510327,11,0.062,pyaes,47
63.37835305751884,12,0.046,chameleon,1
63.50180477329189,7,0.02,float_operation,35532
63.64277686681871,7,0.026,float_operation,49242
63.649103690487046,7,0.032,float_operation,62951
63.68209064883276,7,0.019,float_operation,33247
63.68362479591181,7,0.03,float_operation,58381
63.70296456026747,7,0.026,float_operation,49242
63.76365323338574,23,0.031,pyaes,19
63.826155790896166,7,0.014,float_operation,21822
63.86226295910088,7,0.089,float_operation,193193
63.92463023139559,14,0.937,gzip_compression,2774
64.41538349653803,14,0.923,gzip_compression,2732
64.49651851663087,24,0.093,chameleon,1
64.52179939704517,12,0.265,chameleon,5
64.52675726238554,24,0.031,chameleon,0
64.64929960369922,24,0.031,chameleon,0
64.97027242459569,16,0.011,matmul,4
64.97034429689343,15,0.736,linpack,1004
65.25765033555976,14,0.721,gzip_compression,2131
65.34762483704894,16,0.01,matmul,0
65.41438207787276,12,0.046,chameleon,1
65.4250085868348,22,0.003,matmul,0
65.46314889332699,0,0.001,chameleon,0
65.47059703450212,12,0.281,chameleon,5
65.68243012378849,12,0.265,chameleon,5
67.68948657239949,22,0.005,matmul,0
68.19590642458719,14,0.726,gzip_compression,2146
68.30046120437932,0,0.001,chameleon,0
68.3453699630461,0,0.001,chameleon,0
68.78108067088846,6,1.112,chameleon,22
68.84270634796222,25,0.093,float_operation,202333
68.94414662676293,25,0.046,float_operation,94941
69.26355558608354,6,0.876,chameleon,17
69.51424599206874,6,0.435,chameleon,8
70.69165698186603,6,0.716,chameleon,14
71.44271325346544,6,0.528,chameleon,10
71.67604320906646,22,0.002,matmul,0
73.00941950374842,22,0.002,matmul,0
73.46738171599308,0,0.001,chameleon,0
73.82367659372515,0,0.003,chameleon,0
74.13985873810213,0,0.001,chameleon,0
74.70505831793234,22,0.003,matmul,0
76.42832066837569,14,0.633,gzip_compression,1869
77.31103778694593,15,2.04,linpack,2786
77.91324932839095,16,0.019,matmul,35
78.45526645336453,11,0.011,pyaes,0
78.56435245636862,15,0.697,linpack,951
78.71340138368758,0,0.001,chameleon,0
78.7923698385495,0,0.001,chameleon,0
79.0470500228263,16,0.043,matmul,126
79.378353088544,0,0.001,chameleon,0
79.39998301714044,0,0.001,chameleon,0
79.49097317087744,15,0.62,linpack,846
79.61826385987514,0,0.001,chameleon,0
79.88950005182197,15,0.765,linpack,1044
79.97937694494023,13,11.503,float_operation,26273524
80.0721117837202,22,0.002,matmul,0
80.11685375295319,15,0.941,linpack,1284
80.33057750198245,24,0.014,chameleon,0
80.33315056946874,24,0.046,chameleon,1
80.54172440029468,21,0.969,linpack,1323
80.77824514931014,0,0.001,chameleon,0
81.21259223337023,24,0.093,chameleon,1
81.21351891566931,24,0.046,chameleon,1
81.23944765872378,24,0.017,chameleon,0
81.23955384770366,24,0.093,chameleon,1
81.25925727629661,24,0.077,chameleon,1
81.32547748063386,0,0.001,chameleon,0
81.53867964905217,21,0.008,linpack,10
81.59392193177958,26,16.201,gzip_compression,48191
81.76338647619077,10,0.362,matmul,1347
81.8877261393775,0,0.001,chameleon,0
81.92034987177215,10,0.388,matmul,1446
82.35570191643399,0,0.001,chameleon,0
82.36229077035283,22,0.003,matmul,0
82.71909757636179,10,0.373,matmul,1389
82.95209948585146,23,0.015,pyaes,4
83.1561715523383,21,0.008,linpack,10
83.28838985667342,10,0.385,matmul,1435
83.48607501263703,16,0.013,matmul,12
83.5154341934555,14,0.833,gzip_compression,2464
83.5823254528741,14,1.048,gzip_compression,3104
83.68003577999747,27,0.526,linpack,717
83.95495809498476,23,0.012,pyaes,1
83.98187347842871,24,0.218,chameleon,4
84.02509377780225,24,0.078,chameleon,1
84.112795456865,24,0.202,chameleon,4
84.32060717409564,24,0.015,chameleon,0
84.57187692856316,23,0.033,pyaes,20
84.94047863865181,28,56.585,matmul,216434
85.18128218598498,23,0.012,pyaes,1
85.2851567906742,24,0.156,chameleon,3
85.38393228545074,24,0.015,chameleon,0
85.74008317512416,6,2.795,chameleon,55
85.80357572743013,29,0.109,pyaes,89
86.11641781869956,0,0.001,chameleon,0
86.8198280272796,0,0.001,chameleon,0
87.01349760939063,0,0.001,chameleon,0
87.13380409152971,23,0.015,pyaes,4
87.99107315801108,28,34.499,matmul,131942
87.99627532017513,10,0.454,matmul,1699
88.39291889931047,30,0.358,chameleon,7
88.86125749800128,31,22.677,float_operation,51805469
88.98829917981936,32,18.862,gzip_compression,56109
89.67744048068069,0,0.001,chameleon,0
89.68694998584333,33,64.365,linpack,87941
89.8095089786521,0,0.001,chameleon,0
89.91870487325815,0,0.001,chameleon,0
90.97742749181153,0,0.001,chameleon,0
91.47772212549428,0,0.001,chameleon,0
91.63471321227624,0,0.001,chameleon,0
91.99371079165262,34,0.017,matmul,27
93.27963628598906,10,0.413,matmul,1542
97.1144158836518,10,0.448,matmul,1676
97.68142489236688,10,0.382,matmul,1423
98.23837995361808,0,0.001,chameleon,0
98.9994870081719,0,0.001,chameleon,0
99.16699029089818,3,0.014,linpack,18
100.39612411138178,0,0.001,chameleon,0
101.01326774799728,31,24.306,float_operation,55527640
101.37935692063682,13,4.623,float_operation,10553121
101.5104671093798,35,2.1,pyaes,1899
104.5803143144898,13,5.349,float_operation,12211989
106.62761698064207,0,0.001,chameleon,0
106.63087147691276,0,0.001,chameleon,0
108.18541576835702,0,0.001,chameleon,0
108.26342511210744,0,0.001,chameleon,0
108.55508581423524,13,4.527,float_operation,10333767
108.66035704515993,10,0.365,matmul,1358
109.73500106103457,0,0.001,chameleon,0
109.88848740375089,0,0.001,chameleon,0
110.04400665104248,0,0.001,chameleon,0
110.58817356225848,0,0.001,chameleon,0
110.94352054960764,0,0.001,chameleon,0
111.53274261903432,36,1.655,chameleon,32
111.5476211361606,8,0.167,gzip_compression,482
111.63391987847524,0,0.001,chameleon,0
112.48991930057228,0,0.001,chameleon,0
112.87858214434507,0,0.001,chameleon,0
116.07106346327728,0,0.001,chameleon,0
116.44001281744524,0,0.001,chameleon,0
117.27879641593545,0,0.001,chameleon,0
119.88954652829209,34,0.029,matmul,73
120.3379594362383,0,0.001,chameleon,0
120.66866386035464,0,0.001,chameleon,0
120.773810282,8,0.128,gzip_compression,366
121.05439315775416,34,0.021,matmul,42
121.10990167606867,33,63.742,linpack,87090
121.35524277975256,34,0.016,matmul,23
121.57935794666408,37,0.925,float_operation,2103405
121.59209019890804,38,0.017,gzip_compression,36
121.81168942731144,0,0.001,chameleon,0
121.99731965006438,0,0.001,chameleon,0
123.94695096775274,5,0.221,pyaes,191
124.91560319219032,13,10.507,float_operation,23997722
125.02953225370436,4,0.285,matmul,1052
125.64013911457478,34,0.017,matmul,27
126.25798346054884,4,0.352,matmul,1309
126.29392953943638,34,0.03,matmul,77
127.67849376833011,13,5.431,float_operation,12399355
130.22321504119083,39,1.802,linpack,2461
133.06658881471932,6,0.312,chameleon,6
140.45166656597831,0,0.001,chameleon,0
140.9831760391886,0,0.001,chameleon,0
141.86925851788405,0,0.001,chameleon,0
143.05108392706987,4,0.223,matmul,815
143.5071236079146,35,3.312,pyaes,3001
146.6074602807765,3,0.014,linpack,18
146.96809186039556,0,0.001,chameleon,0
148.2327855069344,6,0.535,chameleon,10
148.2360384523878,6,0.721,chameleon,14
148.48473429116322,0,0.001,chameleon,0
149.7425270614936,0,0.001,chameleon,0
150.0428676793367,10,0.381,matmul,1420
151.74107544940424,8,0.388,gzip_compression,1140
151.80961813964964,6,1.432,chameleon,28
152.70527225025825,2,0.015,gzip_compression,30
153.7287641614576,1,0.767,float_operation,1742384
154.1424491785935,0,0.002,chameleon,0
154.47475971504429,0,0.001,chameleon,0
155.51561672741315,0,0.001,chameleon,0
157.44176661457712,40,0.284,matmul,1048
160.33496294890224,0,0.001,chameleon,0
161.19925196798167,0,0.001,chameleon,0
162.56606537125506,0,0.001,chameleon,0
162.81725520559056,10,0.473,matmul,1772
163.11887572443766,0,0.001,chameleon,0
163.16964624307977,41,184.013,pyaes,109070
163.23785761410846,0,0.001,chameleon,0
163.40983298885916,6,1.84,chameleon,36
164.4810635769017,9,0.093,linpack,126
165.38383667784362,9,0.093,linpack,126
165.49107470711024,19,5.527,float_operation,12618709
165.5238924821587,0,0.044,chameleon,0
166.09125809202496,6,1.594,chameleon,31
166.56029353396426,9,0.109,linpack,148
168.12991990850887,0,0.001,chameleon,0
169.85815703819762,0,0.001,chameleon,0
169.8651951825628,0,0.001,chameleon,0
170.03187709943975,12,0.021,chameleon,0
170.0507180382108,12,0.296,chameleon,5
170.40604301859554,0,0.001,chameleon,0
171.2598255525501,10,0.402,matmul,1500
171.35417020162134,42,58.187,chameleon,1154
174.1815530597785,43,0.235,float_operation,526795
174.269424475948,0,0.001,chameleon,0
178.72051192930672,40,26.899,matmul,102867
178.769526199162,40,23.878,matmul,91310
180.13912257414344,0,0.001,chameleon,0
181.63514583260385,0,0.001,chameleon,0
182.09711874304165,0,0.001,chameleon,0
182.32765621625097,0,0.001,chameleon,0
182.6064135969569,0,0.001,chameleon,0
183.6930043350666,0,0.001,chameleon,0
183.78283187998477,7,0.018,float_operation,30962
184.3292085726829,44,0.021,gzip_compression,48
184.98577079988044,23,0.006,pyaes,0
185.36140768230052,24,0.046,chameleon,1
185.39803837970467,24,0.031,chameleon,0
185.52531539978108,0,0.001,chameleon,0
185.62129445859787,23,0.062,pyaes,47
185.62417633633052,24,0.015,chameleon,0
185.81564190278303,0,0.001,chameleon,0
185.9444507566908,23,0.016,pyaes,5
186.85260643825973,0,0.001,chameleon,0
187.4666545788707,23,0.015,pyaes,4
187.5108894908092,9,0.062,linpack,83
187.6143829064757,0,0.005,chameleon,0
187.84391934821625,23,0.016,pyaes,5
187.8468040996823,13,5.956,float_operation,13598949
188.09524360839336,32,9.535,gzip_compression,28357
188.105676178304,24,0.046,chameleon,1
188.3498819330273,24,0.046,chameleon,1
188.37260630009712,24,0.093,chameleon,1
188.5032123683308,24,0.016,chameleon,0
188.6971389533636,24,0.046,chameleon,1
188.73626157884743,24,0.062,chameleon,1
188.77479616986847,24,0.015,chameleon,0
188.82596377154948,24,0.078,chameleon,1
188.8707390617832,24,0.093,chameleon,1
189.09534447247404,24,0.156,chameleon,3
189.2584628343256,13,9.188,float_operation,20983883
189.5259277532285,23,0.015,pyaes,4
189.72330756176177,0,0.001,chameleon,0
190.18367172795487,24,0.046,chameleon,1
191.12346321178,9,0.109,linpack,148
191.26530317432585,23,0.015,pyaes,4
191.6178178142366,23,0.015,pyaes,4
192.92186178099635,0,0.001,chameleon,0
193.00184923861045,24,0.098,chameleon,2
193.0373647358365,24,0.109,chameleon,2
193.22578439805005,24,0.015,chameleon,0
193.37964605307624,0,0.001,chameleon,0
193.4463409087071,0,0.001,chameleon,0
193.97200440944752,0,0.001,chameleon,0
194.1714105540736,12,0.301,chameleon,6
194.8543714444642,23,0.187,pyaes,160
195.2611517336572,0,0.001,chameleon,0
195.58648243653016,12,0.296,chameleon,5
195.6068113613398,0,0.001,chameleon,0
195.8970342589432,9,0.109,linpack,148
197.8011292160461,9,0.093,linpack,126
200.04923855777628,0,0.001,chameleon,0
201.9345259338092,45,12.422,linpack,16971
202.4630971089043,9,0.109,linpack,148
202.9807429395034,37,13.896,float_operation,31741391
204.83071050399067,0,0.002,chameleon,0
205.239608545607,0,0.001,chameleon,0
205.8853261202881,46,0.02,matmul,39
206.5163381743464,0,0.001,chameleon,0
206.78986609027592,0,0.001,chameleon,0
207.24472753445733,0,0.002,chameleon,0
208.8420662212168,0,0.001,chameleon,0
209.54504432343347,35,1.633,pyaes,1475
210.87941416120765,9,0.093,linpack,126
211.0681528980576,10,0.382,matmul,1423
211.17682399974836,10,0.384,matmul,1431
211.40336649601136,10,0.377,matmul,1404
211.6499216818048,10,3.292,matmul,12556
211.67833220905771,10,0.388,matmul,1446
211.97255049502184,0,0.001,chameleon,0
212.20450247890133,23,0.062,pyaes,47
212.2728504313117,10,0.379,matmul,1412
212.9967043226688,23,0.019,pyaes,8
213.1826009094857,23,0.015,pyaes,4
213.20856937597196,23,0.015,pyaes,4
213.6292030545388,24,0.078,chameleon,1
213.69227402158955,24,0.093,chameleon,1
213.7094132894585,24,0.015,chameleon,0
214.63248716593023,24,0.015,chameleon,0
214.65261224156475,10,0.374,matmul,1393
214.70887048264677,24,0.046,chameleon,1
215.9098943174316,24,0.093,chameleon,1
216.7709786651683,0,0.001,chameleon,0
217.32373552430573,0,0.001,chameleon,0
217.65962313444933,0,0.001,chameleon,0
217.9689317623949,0,0.001,chameleon,0
218.67560614531615,47,4.389,pyaes,3980
218.833985781513,25,0.062,float_operation,131500
218.87653007468157,25,0.031,float_operation,60666
218.90740581371335,25,0.046,float_operation,94941
219.6428617288943,48,0.334,chameleon,6
221.7832685617705,10,0.373,matmul,1389
225.58039502379344,19,33.339,float_operation,76167524
227.221359657017,0,0.001,chameleon,0
227.34903117309864,49,0.109,float_operation,238892
227.3664394588116,49,0.171,float_operation,380558
227.40264770587143,49,0.156,float_operation,346284
227.4346586753428,49,0.16,float_operation,355424
227.45475461928663,21,0.008,linpack,10
228.2760379377542,21,0.014,linpack,18
228.55549774106572,21,0.128,linpack,174
228.58168892212328,21,0.05,linpack,67
228.87134889929587,14,0.923,gzip_compression,2732
229.5785860548189,16,0.046,matmul,138
230.1826576490832,14,0.729,gzip_compression,2155
230.4241601433465,16,0.009,matmul,0
230.64667266044063,21,0.037,linpack,49
230.82439659598705,50,0.419,gzip_compression,1232
231.2648866078707,36,0.14,chameleon,2
231.7327737021417,22,0.002,matmul,0
232.2038538288469,21,0.014,linpack,18
232.22342307315176,14,0.872,gzip_compression,2580
232.2979527293903,15,0.96,linpack,1310
232.36282227680323,14,1.2,gzip_compression,3556
232.75495241420415,50,0.748,gzip_compression,2211
233.2040068566714,21,0.011,linpack,14
233.8509706912253,10,0.368,matmul,1370
234.0388637864471,10,0.395,matmul,1473
234.61952729835767,14,0.609,gzip_compression,1798
234.7176067695726,22,0.002,matmul,0
235.1572255865411,10,0.391,matmul,1458
235.30385066865315,51,0.016,linpack,21
235.6466315810908,10,0.388,matmul,1446
236.6818842061072,52,0.287,matmul,1060
236.7559567740664,53,62.586,pyaes,56881
239.53875473363152,14,0.936,gzip_compression,2771
241.269866895072,0,0.002,chameleon,0
241.2968394553316,0,0.001,chameleon,0
244.96847922296325,22,0.003,matmul,0
245.0532980669699,22,0.002,matmul,0
245.10997321405773,22,0.002,matmul,0
246.476082772298,10,0.435,matmul,1626
246.582632746748,22,0.002,matmul,0
247.51298223214533,21,0.008,linpack,10
247.91337245387547,0,0.001,chameleon,0
247.97772823735403,14,0.773,gzip_compression,2286
248.33773118452655,10,0.375,matmul,1397
248.56223391196747,21,0.007,linpack,8
248.68997848239357,10,0.514,matmul,1928
248.75021750319664,54,5.951,chameleon,118
249.1288969442097,21,0.014,linpack,18
249.1786161394006,10,1.019,matmul,3860
249.21891981573896,21,0.021,linpack,27
249.2383909457004,16,0.008,matmul,0
249.36534471777225,10,0.38,matmul,1416
249.3894857452644,14,0.865,gzip_compression,2559
249.5174632670997,11,0.042,pyaes,29
249.7684694221275,10,0.374,matmul,1393
249.89349865278885,0,0.001,chameleon,0
250.0533715255733,0,0.001,chameleon,0
250.16524268821496,22,0.004,matmul,0
250.19023917656943,14,0.819,gzip_compression,2422
250.2730216041463,15,1.017,linpack,1388
250.5473639804168,10,0.372,matmul,1385
250.65753794815376,15,0.813,linpack,1110
250.90857577135543,21,0.039,linpack,52
250.95528395757125,21,0.428,linpack,584
251.07583010044837,21,0.045,linpack,60
251.62105163887992,10,0.429,matmul,1603
252.81806445982528,22,0.008,matmul,0
253.53117317979155,11,0.016,pyaes,5
253.54570633608807,15,0.899,linpack,1227
253.8649045816229,51,0.085,linpack,115
254.3821490099425,9,0.109,linpack,148
254.5024658578994,11,0.038,pyaes,25
256.9731439243701,50,8.027,gzip_compression,23870
260.2678599471899,55,0.078,float_operation,168059
261.6501177532034,0,0.001,chameleon,0
261.6639188040637,0,0.001,chameleon,0
262.2246634667644,9,0.078,linpack,105
262.67030848658226,56,1.062,gzip_compression,3145
262.94231353520973,0,0.001,chameleon,0
262.9526581105907,0,0.001,chameleon,0
266.015553570438,0,0.001,chameleon,0
266.7594329657469,0,0.003,chameleon,0
267.052811732409,0,0.001,chameleon,0
267.52221946824494,0,0.001,chameleon,0
268.23479139211724,0,0.001,chameleon,0
269.6591976493143,6,1.092,chameleon,21
270.0426794947726,0,0.002,chameleon,0
270.49592339630016,0,0.001,chameleon,0
270.87624716071,0,0.001,chameleon,0
270.9839169751723,0,0.005,chameleon,0
271.1048142194923,0,0.001,chameleon,0
271.2660607842046,0,0.001,chameleon,0
271.76432685490687,9,0.078,linpack,105
272.15723137378313,0,0.001,chameleon,0
272.29615418974606,57,6.96,linpack,9508
273.60651819693754,58,0.591,matmul,2223
273.88052158137685,58,0.143,matmul,509
274.5546925843144,59,0.013,pyaes,2
275.56054670586565,0,0.001,chameleon,0
276.4100964975082,0,0.001,chameleon,0
276.4881827033995,0,0.001,chameleon,0
276.9380774250725,60,119.813,chameleon,2376
276.9401378380727,61,97.037,float_operation,221713778
276.9729865662233,62,157.895,gzip_compression,357043
276.98879904440565,63,149.981,linpack,163956
276.9911659580758,63,113.538,linpack,155127
277.0099779007955,63,75.388,linpack,103002
277.15609660789795,60,30.067,chameleon,596
277.1576831190472,64,30.027,matmul,114834
277.2950699786601,60,30.042,chameleon,595
277.31177176884336,64,30.036,matmul,114868
277.391502228401,65,30.033,pyaes,27290
277.42648099154377,62,30.014,gzip_compression,89292
277.44261804911633,64,30.038,matmul,114876
277.4501294722235,65,30.018,pyaes,27277
277.5547246860209,65,30.043,pyaes,27299
277.5793132507465,65,30.037,pyaes,27294
279.0614418420366,66,0.343,chameleon,6
279.3573598883748,67,27.976,float_operation,63913379
279.37036246580027,67,22.32,float_operation,50989745
279.8703943350661,0,0.001,chameleon,0
279.8759131141064,0,0.001,chameleon,0
280.77513899258247,68,0.013,gzip_compression,24
281.1640917490101,0,0.001,chameleon,0
281.54835073561986,69,0.016,linpack,21
284.2275113214074,70,0.012,matmul,8
285.699406903292,28,15.168,matmul,57989
285.77710285391265,71,0.004,pyaes,0
286.31724206273896,72,0.639,chameleon,12
286.43541670485007,72,0.266,chameleon,5
290.01307454614744,0,0.001,chameleon,0
290.02179251290124,0,0.001,chameleon,0
294.42696320782863,10,0.403,matmul,1504
296.27373086753914,0,0.001,chameleon,0
296.4299455860451,68,0.013,gzip_compression,24
296.4892413710152,73,0.02,float_operation,35532
297.964300198906,71,0.001,pyaes,0
298.3420920342264,10,0.376,matmul,1400
299.2588802958817,9,0.078,linpack,105
299.5242100873254,74,0.012,gzip_compression,21
